{"stats":{"minecraft:custom":{"minecraft:jump":10,"minecraft:time_since_rest":1151,"minecraft:leave_game":1,"minecraft:sprint_one_cm":4279,"minecraft:play_time":1151,"minecraft:time_since_death":1151,"minecraft:walk_one_cm":7061,"minecraft:total_world_time":1151,"minecraft:fall_one_cm":418,"minecraft:fly_one_cm":2488},"minecraft:picked_up":{"minecraft:sand":4},"minecraft:used":{"minecraft:sand":4},"minecraft:mined":{"minecraft:short_grass":1,"minecraft:spruce_leaves":4,"minecraft:fern":3,"minecraft:sand":4}},"DataVersion":3955}